1001,0N1 Force
1002,0xVampire
1003,888 Inner Circle
1004,Adam Bomb Squad
1005,Al Cabones
1006,Alien Worlds
1007,ALPACADABRAZ
1008,Animetas
1009,Animonkeys
1010,Anonymice
1011,Art Blocks
1012,Aurory
1013,Autoglyphs
1014,Avastars
1015,Avid Lines
1016,Axie Infinity
1017,Axolittles
1018,BabyApes
1019,Bastard Gan Punks V2
1020,Birbs
1021,Bitcoin Origins
1022,Blitmap
1023,Block Art
1024,Bloot
1025,Bold Badgers
1026,Bonsai by ZENFT
1027,Bored Ape Chemistry Club
1028,Bored Ape Kennel Club
1029,Bored Ape Yacht Club
1030,Bored Mummy Waking Up
1031,Boss Beauties
1032,Bubblegum Kids
1033,BugBears
1034,Bulls On The Block
1035,Bunks
1036,Byo Pills
1037,BYOKEY
1038,Chain Saw
1039,Chibi Apes
1040,Chicken Derby
1041,Chill Frogs NFT
1042,Chubbies
1043,Colonize Mars
1044,Cool Cats
1045,COVIDPunks
1046,Crazy Lizard Army
1047,Creature World NFT
1048,CreatureToadz
1049,Crypto Beasts
1050,Crypto Cannabis Club
1051,Crypto Cavemen
1052,Crypto Raiders Characters
1053,Crypto Zunks
1054,CrypToadz
1055,CryptoArte
1056,CryptoCubs
1057,CryptoFlyz
1058,CryptoHoots Steampunk Parliament
1059,CryptoKitties
1060,CryptoPunks
1061,Cryptovoxels
1062,Cupcats Official
1063,Curio Cards
1064,Cyber Frogs
1065,Cyber Pharmacist
1066,CyberKongz
1067,CyberKongz VX
1068,Dapper Dinos NFT
1069,Dead Heads
1070,DeadFellaz
1071,Deafbeef
1072,Degenerate Ape Academy
1073,Desperate ApeWives
1074,Dirtybird Flight Club
1075,Divine Anarchy
1076,Divine Order
1077,Doodles
1078,DystoPunks V2
1079,Emblem Vault
1080,Eternal Beings
1081,Ether Cards Founder Series
1082,Evolution
1083,F1 Delta Time
1084,Fame Lady Squad
1085,Famous Fox Federation
1086,Fancy Frenchies
1087,Farmers World
1088,Farming Tales
1089,Fast Food Frens Collection
1090,Fat Ape Club
1091,Fluf World
1092,Fluffy Polar Bears
1093,Forgotten Runes
1094,FoxFam
1095,Frakt
1096,Frontier Game
1097,Galactic Gecko Space Garage
1098,GalacticApes
1099,Galaxy Eggs
1100,Galaxy Fight Club
1101,Gauntlets
1102,Generativemasks
1103,GenX by HOK
1104,Glue Factory Show
1105,Goatz
1106,Gods Unchained
1107,Goons of Balatroon
1108,GOOP TROOP
1109,Great Ape Society
1110,Green Rabbit
1111,Grim Syndicate
1112,Gutter Cat Gang
1113,Gutter Rats
1114,Habbo Avatars
1115,Hashmasks
1116,HeavenComputer
1117,Illuvium
1118,Incognito
1119,Infinity Labs
1120,Jenkins the Valet The Writers Room
1121,JungleCats
1122,JunkYardDogs
1123,Kaiju Cards
1124,Kaiju Kingz
1125,KAM1
1126,KingFrogs
1127,Knights of Degen
1128,Koala Intelligence Agency
1129,KOGS
1130,Lazy Lions
1131,LegionPunks
1132,Lonely Alien Space Club
1133,Lonely Frog Lambo Club
1134,Long Neckie Ladies
1135,Loot
1136,LOSTPOETS
1137,Meebits
1138,Meerkat Millionaires Country Club
1139,MekaVerse
1140,Metabaes
1141,MetaHero Universe DAO Tokens
1142,MetaHero Universe Generative
1143,Metasaurs by Dr. DMT
1144,Mike Tyson NFT
1145,Monkey Bet DAO
1146,Mooncats
1147,Mutant Ape Yacht Club
1148,Mutant Garden Seeder
1149,MutantCats
1150,NAH Fungible Bones
1151,NBA Top Shot
1152,Neo Tokyo Identities
1153,NFT Worlds
1154,Nftboxes
1155,Nftrees
1156,Nifty League DEGENs
1157,Non Fungible Fungi Genesis
1158,Obits Official
1159,OnChainMonkey
1160,Panini America
1161,Parallel Alpha
1162,Party Ape Billionaire Club
1163,Peaceful Groupies
1164,Pesky Penguins
1165,Piggy Sol Gang
1166,Playboy Rabbitars Official
1167,Pudgy Penguins
1168,PUNKS Comic
1169,PunkScapes
1170,Purrnelopes Country Club
1171,R Planet
1172,Rebel Seals Club
1173,Red Panda Squad
1174,Robotos Official
1175,Rogue Sharks
1176,Rogue Society Bot
1177,Royal Society Players
1178,Rumble Kong League
1179,Sad Frogs District
1180,Shabu Town Shibas
1181,Sipherian Flash
1182,Sipherian Surge
1183,Skeleton Crew Skulls
1184,Smilesssvrs
1185,Sneaky Vampire Syndicate
1186,Sol Souls
1187,Solana Bananas
1188,Solana Monkey Business
1189,Solana Valley
1190,SolanaDogeNFTs
1191,Solarians
1192,SolChicks
1193,Sollamas
1194,SolPunks
1195,SolSnatchers
1196,Solsteads
1197,SolYetis
1198,Sorare
1199,Space Poggers
1200,Space Punks Club
1201,Splinterlands
1202,StackedToadz
1203,Star Sailor Siblings
1204,Stoner Cats
1205,Street Fighter
1206,Stylish Studs
1207,Sup Ducks
1208,Super Shiba Club
1209,Super Yeti
1210,The Alien Boy
1211,The CryptoDads
1212,The Doge Pound
1213,The Humanoids
1214,The Lost Glitches
1215,The n project
1216,The Official Surreals
1217,The Sandbox
1218,The Sevens
1219,The Shiboshis
1220,The Sneks
1221,The Vogu Collective
1222,The Wanderers
1223,The Wicked Craniums
1224,The Yakuza Cats Society
1225,TheHeartProject
1226,Thug Birdz
1227,Tom Sachs Rocket Factory
1228,Top Dog Beach Club
1229,Topps MLB
1230,Train of the Century
1231,Treeverse
1232,Trippy Bunny Tribe
1233,UninterestedUnicorns
1234,Unirexcity
1235,Veefriends
1236,Visitors Of Imma Degen
1237,Vox Collectibles
1238,Voxies
1239,Voxodeus
1240,Wanna Panda
1241,Weird Whales
1242,Winter Bears
1243,Wolf Game
1244,World Of Women
1245,World Poker Tour
1246,Wrapped Cryptocats
1247,Wrapped Strikers
1248,Xpansion
1249,Zed Run
1250,ZombieCats