1,1001,0N1 Force,name
251,1001,0N1 Force,Prebiotic soup
501,1001,0N1 Force,Devil Doll - Luci 02
2,1002,0xVampire,Giant Frog
252,1002,0xVampire,silence
502,1002,0xVampire,Rear Window now
3,1003,888 Inner Circle,Biospecimens
253,1003,888 Inner Circle,Adrenaline
503,1003,888 Inner Circle,Devil Doll - Luci 01
4,1004,Adam Bomb Squad,long legs
254,1004,Adam Bomb Squad,Portal.
504,1004,Adam Bomb Squad,Turn on UV
5,1005,Al Cabones,A Guide in my Dreams
255,1005,Al Cabones,Hive Desiret Fruit 
505,1005,Al Cabones,Empty School
6,1006,Al Cabones,Silent Observer
256,1006,Al Cabones,Abstract heat
506,1006,Alien Worlds,The Bite of Pleasure
7,1007,ALPACADABRAZ,Joy and Chaos
257,1007,ALPACADABRAZ,Personality Boom! 
507,1007,ALPACADABRAZ,Eyes of Fire
8,1008,Animetas,I found colors in my sky
258,1008,Animetas,Anonymous pleasure
508,1008,Animetas,Something Wicked This Way Comes
9,1009,Animetas,Isn¬¥t she lovely
259,1009,Animonkeys,Queen of hearts 
509,1009,Animonkeys,Robin William Face
10,1010,Anonymice,Emmeline on LSD
260,1010,Anonymice,Alone Cowboy
510,1010,Anonymice,Hive City
11,1011,Art Blocks,Angela üëº
261,1011,Art Blocks,Purple Dyed Flowers
511,1011,Art Blocks,Dogecoin: The Woof of Wallstreet Collectible Card
12,1012,Aurory,Tentacle Monster
262,1012,Aurory,Mama Africa.
512,1012,Autoglyphs,ALPOCK
13,1013,Autoglyphs,Hive Crypto Stamp
263,1013,Autoglyphs,Laccaria Amethystina
513,1013,Autoglyphs,Crypto.com CRO CRYPTOART NFT 5
14,1014,Avastars,MONAPIZZA
264,1014,Avid Lines,The Wild One.
514,1014,Avid Lines,Sialia
15,1015,Avid Lines,PENELOPE
265,1015,Avid Lines,Fragile
515,1015,Avid Lines,BIRDUANA
16,1016,Axie Infinity,Darkness
266,1016,Axie Infinity,"Virtually Worthless(*) NFT by RFY"""
516,1016,Axie Infinity,Black sun
17,1017,Axolittles,Poor
267,1017,Axolittles,Take it ‚ù§Ô∏è
517,1017,Axolittles,soul
18,1018,BabyApes,Abducted 
268,1018,BabyApes,Smell Like A Flowers 
518,1018,BabyApes,symbol
19,1019,Bastard Gan Punks V2,Tame the inner furies
269,1019,Bastard Gan Punks V2,Matrim
519,1019,Bastard Gan Punks V2,Trees
20,1020,Birbs,portrait of a lady III
270,1020,Birbs,stylish girl
520,1020,Bitcoin Origins,Field of dreams
21,1021,Bitcoin Origins,portrait of a lady in pink
271,1021,Bitcoin Origins,Demon Geisha
521,1021,Bitcoin Origins,steps
22,1022,Blitmap,Disturbed
272,1022,Block Art,kitsune
522,1022,Block Art,Historical Assassin's Creed
23,1023,Block Art,Crypto Daemons
273,1023,Block Art,√Ånima Sola
523,1023,Block Art,FLOWERS IN IMPASTO
24,1024,Bloot,Rebel 2020
274,1024,Bloot,sCANLINEhORIZON
524,1024,Bloot,Silenced Majority
25,1025,Bold Badgers, surprised by the chaos
275,1025,Bold Badgers,Surbile
525,1025,Bold Badgers,Energy Bottle
26,1026,Bonsai by ZENFT,resurface
276,1026,Bonsai by ZENFT,"NFT - Super Cheap by Richard F. Yates (HF)"""
526,1026,Bonsai by ZENFT,VISION-POWER-STRUGGLE
27,1027,Bored Ape Chemistry Club,Avarice
277,1027,Bored Ape Chemistry Club,Weeeeh! A Beee!
527,1027,Bored Ape Chemistry Club,Flipped
28,1028,Bored Ape Kennel Club,"My body, My choice"
278,1028,Bored Ape Kennel Club,TLOI - Manifesto
528,1028,Bored Ape Kennel Club,fractalvox
29,1029,Bored Ape Kennel Club,A little bit of Mercy please
279,1029,Bored Ape Yacht Club,Steps To Freedom
529,1029,Bored Ape Yacht Club,Xenotides
30,1030,Bored Ape Yacht Club,Angel Killer
280,1030,Bored Mummy Waking Up,Modern Art
530,1030,Bored Mummy Waking Up,Avianics
31,1031,Bored Mummy Waking Up,Dream of A Child
281,1031,Bored Mummy Waking Up,ASHIKI
531,1031,Boss Beauties,Reading George Orwell 
32,1032,Boss Beauties,M√≠sticismo
282,1032,Bubblegum Kids,Art
532,1032,Bubblegum Kids,Who is there?
33,1033,BugBears,Satan Lover
283,1033,BugBears,lake mermaid
533,1033,BugBears,Masked
34,1034,Bulls On The Block,Ancient MU
284,1034,Bunks,'Bailarina de flamenco: ilustraci√≥n acr√≠lica 8''10''
534,1034,Bunks,Footballer
35,1035,Bunks,1
285,1035,Bunks,Arancia
535,1035,Bunks,Quiet Inlet
36,1036,Bunks,Grow
286,1036,Bunks,Warmth of A Friendly Face
536,1036,Byo Pills,Megalomaniacal Masturbator.
37,1037,BYOKEY,The Snail In the Rain
287,1037,BYOKEY,Stone-Faced
537,1037,BYOKEY,Ouroboros
38,1038,BYOKEY,"Reality & Dream in front of Koules, Heraklion Crete"
288,1038,BYOKEY,Milestone: HIVE One Year Anniversary
538,1038,Chain Saw,Anonymous Nifty Coin
39,1039,Chain Saw,white owl
289,1039,Chibi Apes,Hive A Tea
539,1039,Chibi Apes,Dissociation
40,1040,Chicken Derby,Influenced -physical print II
290,1040,Chicken Derby,Frozen Mammoth
540,1040,Chicken Derby,summer 2020
41,1041,Chill Frogs NFT,Influenced -physical print I
291,1041,Chill Frogs NFT,Amanita
541,1041,Chill Frogs NFT,"Mouse (Animated) by Richard F. Yates (HF)"""
42,1042,Chubbies,Cuts and Wounds
292,1042,Chubbies,#009 - Goodbye World
542,1042,Chubbies,THE SPANISH MAN
43,1043,Colonize Mars,Marilyn Monroe - The Zombie
293,1043,Colonize Mars,#009 - Hello World
543,1043,Colonize Mars,Tenderness
44,1044,Colonize Mars,CryptoPunk
294,1044,Colonize Mars,Surf Dog
544,1044,Cool Cats,Fire and Water
45,1045,Cool Cats,Karen's Sister Erin
295,1045,Cool Cats,Clear mind
545,1045,COVIDPunks,Collision Pt. 2
46,1046,Crazy Lizard Army,Crypto Witch
296,1046,Crazy Lizard Army,0 Tx Fee Vs 100s Tx Fee
546,1046,Crazy Lizard Army,Gem - Orchid
47,1047,Creature World NFT,Lemuria Dream
297,1047,Creature World NFT,House of Flying Daggers
547,1047,Creature World NFT,Gem - Frapp√©
48,1048,CreatureToadz,Felurian
298,1048,CreatureToadz,Walking shadows
548,1048,CreatureToadz, hive logo spread
49,1049,Crypto Beasts,Find the BLOCK
299,1049,Crypto Beasts,Stella Marina
549,1049,Crypto Beasts,Liquid Dose
50,1050,Crypto Beasts,rechtex machine
300,1050,Crypto Cannabis Club,My Italian Shoe
550,1050,Crypto Cannabis Club,Amoebaes
51,1051,Crypto Cavemen,Secret of The New Republic
301,1051,Crypto Cavemen,Galactic Map
551,1051,Crypto Cavemen,Pixel Sunflower
52,1052,Crypto Raiders Characters,Lanfear
302,1052,Crypto Raiders Characters,Amazing Heart Flake Mandala
552,1052,Crypto Raiders Characters,Fairy Ness
53,1053,Crypto Zunks,Logo Idea 1
303,1053,Crypto Zunks,Blowing in the Breeze
553,1053,Crypto Zunks,The Observer
54,1054,CrypToadz,Zombies at your Wedding!!!
304,1054,CrypToadz,Ready to soar
554,1054,CrypToadz,Distortion
55,1055,CryptoArte,Gun Fu Corridor
305,1055,CryptoArte,Emission 01 - DUSK
555,1055,CryptoArte,Blues Brothers Toaster
56,1056,CryptoCubs,A Dangerous World
306,1056,CryptoCubs,The Rhythm Pool 
556,1056,CryptoCubs,Aribike.
57,1057,CryptoFlyz,A Cat and the Dark
307,1057,CryptoFlyz,Giraffe Marius and balloons
557,1057,CryptoFlyz,Curiosity
58,1058,CryptoHoots Steampunk Parliament,All About Her
308,1058,CryptoHoots Steampunk Parliament,Hi
558,1058,CryptoHoots Steampunk Parliament,"Nyaaa! by Richard F. Yates (Holy Fool)"""
59,1059,CryptoKitties,The Mixing
309,1059,CryptoKitties,Popin's parrot
559,1059,CryptoKitties,.G.N.S.H. 2/5
60,1060,CryptoPunks,power of love
310,1060,CryptoPunks,Collision Pt. 5
560,1060,CryptoPunks,Dragon ivy)
61,1061,Cryptovoxels,Midnight Breath
311,1061,Cryptovoxels,Juncture
561,1061,Cryptovoxels,Little dragon. Digital art
62,1062,Cupcats Official,iced mind
312,1062,Cupcats Official,Dr.Woofman
562,1062,Cupcats Official,Crypto Kois
63,1063,Curio Cards,Moonlight
313,1063,Curio Cards,Frost Giant Outlook
563,1063,Curio Cards,Geomtery Contrast Simplicity
64,1064,Cyber Frogs,essence
314,1064,Cyber Frogs,The Path
564,1064,Cyber Frogs,Quantic Madness
65,1065,Cyber Pharmacist,·ëï·ó©T·ñ¥·ó©·ëïE
315,1065,Cyber Pharmacist,Gwyonis
565,1065,Cyber Pharmacist,Ancestral :: 02
66,1066,CyberKongz,"Halt doch mal still, Mann!"
316,1066,CyberKongz,Maximum Adrenaline!!
566,1066,CyberKongz,interference
67,1067,CyberKongz VX,Glitched Glue
317,1067,CyberKongz VX,Manhattan Four
567,1067,CyberKongz VX,Issue #0000 The Rainbow Princess
68,1068,Dapper Dinos NFT,Working AT-AT. 
318,1068,Dapper Dinos NFT,Birth
568,1068,Dapper Dinos NFT,Omo-Oba.
69,1069,Dead Heads,Devotion
319,1069,Dead Heads,Correspondance 
569,1069,Dead Heads,"Closed Eye by RFY (HF)"""
70,1070,DeadFellaz,Colors Of The World
320,1070,DeadFellaz,Daul!ty
570,1070,DeadFellaz,Crosswalk
71,1071,Deafbeef,Resting
321,1071,Deafbeef,Flowers in the Dark 4
571,1071,Deafbeef,Strange world.
72,1072,Degenerate Ape Academy,Holy Bitcoin
322,1072,Degenerate Ape Academy,Under Garden
572,1072,Degenerate Ape Academy,The Galactic Sea
73,1073,Desperate ApeWives,Madam Kiki
323,1073,Desperate ApeWives,The Mystic
573,1073,Desperate ApeWives,Dragons Breath
74,1074,Dirtybird Flight Club,Dream
324,1074,Dirtybird Flight Club,space girl
574,1074,Dirtybird Flight Club,Anagefi
75,1075,Divine Anarchy,Elephant
325,1075,Divine Anarchy,reflection
575,1075,Divine Anarchy,Gorentino
76,1076,Divine Order,Wolf Spirit
326,1076,Divine Order,The danger
576,1076,Divine Order,"Haunted Landscape by RFY (HF)"""
77,1077,Doodles,In The Tub
327,1077,Doodles,Thasimar | Way Maker
577,1077,Doodles,3D HIVE Cryptostamp
78,1078,DystoPunks V2,Frogs Have Sex Too - 69
328,1078,DystoPunks V2,Still...She rises.
578,1078,DystoPunks V2,Eye am the I
79,1079,Emblem Vault,Bob
329,1079,Emblem Vault,Keeper of winter SAI
579,1079,Emblem Vault,Split Rock 
80,1080,Eternal Beings,The Ball
330,1080,Eternal Beings,Lonely Vacation no.2
580,1080,Eternal Beings,ETH
81,1081,Ether Cards Founder Series,The Rock
331,1081,Evolution,fiery wolf
581,1081,Evolution,It's quiet here
82,1082,Evolution,The Cat Harlequin of Venice
332,1082,Evolution,CubFinance - CUB Crypto Stamp
582,1082,Evolution,Nothing Stays Hidden Forever
83,1083,F1 Delta Time,"Nature, The Real God"
333,1083,F1 Delta Time, Legs
583,1083,F1 Delta Time,"Hive System, Hive Glitch Card"
84,1084,Fame Lady Squad,We Are Legion!
334,1084,Fame Lady Squad,betacornea
584,1084,Fame Lady Squad,Happy Hag
85,1085,Famous Fox Federation,Tutankhamon The Egyptian Pharaoh
335,1085,Fancy Frenchies,El PATRON
585,1085,Fancy Frenchies,The Path
86,1086,Fancy Frenchies,spider spider
336,1086,Fancy Frenchies,Skin and Nature
586,1086,Fancy Frenchies,Happy Faces
87,1087,Farmers World,Decomposition 4 - Kid Playing
337,1087,Farmers World,Gypsy
587,1087,Farmers World,My Sweet Rose
88,1088,Farming Tales,Decomposition 6 - Selfie
338,1088,Farming Tales,Seduction
588,1088,Farming Tales,Collision Pt. 1
89,1089,Fast Food Frens Collection,Decomposition 7 - The Kiss
339,1089,Fast Food Frens Collection,Surviving
589,1089,Fast Food Frens Collection,House in the woods
90,1090,Fat Ape Club,Hive On Mars
340,1090,Fat Ape Club,Magic stones
590,1090,Fat Ape Club,Open House
91,1091,Fluf World,An Axe
341,1091,Fluffy Polar Bears,Be Happy!
591,1091,Fluffy Polar Bears,Critrembyte
92,1092,Fluffy Polar Bears,Dunes
342,1092,Fluffy Polar Bears,Dreaming
592,1092,Fluffy Polar Bears,The Mischief Maker
93,1093,Fluffy Polar Bears,A Window
343,1093,Fluffy Polar Bears,Ten Freaky Faces1
593,1093,Forgotten Runes,Fluidity
94,1094,FoxFam,beautiful and lovely ardea flowers.
344,1094,Frakt,Candy World
594,1094,Frakt,The Walker
95,1095,Frakt,Car and Harvester
345,1095,Frontier Game,Lady Bloom
595,1095,Frontier Game,Galvanized Fox
96,1096,Frontier Game,artistic creativity
346,1096,Frontier Game,Feathers & Roses
596,1096,Frontier Game,Nightmare Hero #3
97,1097,Galactic Gecko Space Garage,Don't overthink
347,1097,Galactic Gecko Space Garage,Portrait of a lady 
597,1097,Galactic Gecko Space Garage,Golden year
98,1098,GalacticApes,Kaleidoscopic Vision
348,1098,GalacticApes,Wheelie wheelie bad thumbnail II (different then original)
598,1098,GalacticApes,Self-Portrait [BruceTheGoose]
99,1099,Galaxy Eggs,Euthanasi·∏Å
349,1099,Galaxy Eggs,Poetic paths
599,1099,Galaxy Eggs,"Eon In the forest"""
100,1100,Galaxy Fight Club,Bullfighting
350,1100,Galaxy Fight Club,Ocean and sun
600,1100,Galaxy Fight Club,"Eon Divine design"""
101,1101,Gauntlets,Bounty #1: Much Doge
351,1101,Gauntlets,Joonga: The Arrival
601,1101,Gauntlets,"Eon In the Eyes of the Great Arcane"""
102,1102,Generativemasks,Death's birthday
352,1102,Generativemasks,The Moonshine Witch
602,1102,Generativemasks,"Eon In the forest"""
103,1103,GenX by HOK,Carcosa Station
353,1103,GenX by HOK,Metamorphosis
603,1103,GenX by HOK,"Eon Shooting Star"""
104,1104,Glue Factory Show,Sheyla Woolfblooded and the Universal Monsters
354,1104,Glue Factory Show,danger
604,1104,Glue Factory Show,"Eon Divine design"""
105,1105,Goatz,CopyWrong
355,1105,Goatz,Relapse/Gif
605,1105,Goatz,Dr. Strangelove
106,1106,Gods Unchained,Intermission
356,1106,Gods Unchained,Tropicana
606,1106,Gods Unchained,Beautiful Coincidence
107,1107,Goons of Balatroon,Blue Medusa
357,1107,Goons of Balatroon,OFELIA OF THE WHALES
607,1107,Goons of Balatroon,The Whispering Tree
108,1108,GOOP TROOP,Vortex's Liar-1
358,1108,GOOP TROOP,Leafly
608,1108,GOOP TROOP,#011 - Broken Angel
109,1109,Great Ape Society,‚Ññ03. Intelligent alien life transmitted over the radio.
359,1109,Green Rabbit,Amelia
609,1109,Green Rabbit,Green Glob
110,1110,Green Rabbit,The Noh
360,1110,Green Rabbit,DECIMATED 
610,1110,Green Rabbit,Dark Creatures
111,1111,Green Rabbit,The Raijin
361,1111,Green Rabbit,No regrets
611,1111,Grim Syndicate,IBEJI.
112,1112,Gutter Cat Gang,The Hannya
362,1112,Gutter Cat Gang,VR.Vase 0.1
612,1112,Gutter Cat Gang,"Whoa! by RFY (HF)"""
113,1113,Gutter Rats,The Kitsune
363,1113,Gutter Rats,Leo Rising
613,1113,Gutter Rats,Floating Island #4
114,1114,Habbo Avatars,MOnstee
364,1114,Habbo Avatars,What do you see?
614,1114,Hashmasks,Stuck in the City
115,1115,Hashmasks,Thinking about streetart
365,1115,Hashmasks,Midnight
615,1115,Hashmasks,goddess of lost children1
116,1116,HeavenComputer,Wheelie wheelie bad thumbnail
366,1116,HeavenComputer,immersion 
616,1116,HeavenComputer,King of the jungle
117,1117,Illuvium,Hive Anniversary
367,1117,Illuvium,Na'vi 2.0
617,1117,Illuvium,Samurai wisdom
118,1118,Incognito,Azilian Token
368,1118,Incognito,HIVE Guard - Inks
618,1118,Incognito,Flying ship
119,1119,Infinity Labs,Maria Lionza
369,1119,Infinity Labs,Anxiety Disorder
619,1119,Infinity Labs,toxic
120,1120,Jenkins the Valet The Writers Room,Pig Monkey
370,1120,Jenkins the Valet The Writers Room,Mad Crack E
620,1120,Jenkins the Valet The Writers Room,exorcism
121,1121,JungleCats,The Genesis
371,1121,JungleCats,Maneki Neko 8 Bit - Increase your good luck in the japanese way!
621,1121,JungleCats,crystal
122,1122,JunkYardDogs,The chaos that lives in me
372,1122,JunkYardDogs,UNFRAMED
622,1122,JunkYardDogs,The Day After
123,1123,Kaiju Cards,Kong Attacks!
373,1123,Kaiju Cards,The Walk
623,1123,Kaiju Cards,Fuga in Paradiso
124,1124,Kaiju Kingz,R01
374,1124,Kaiju Kingz,thoughtful cat plays music for butterfly
624,1124,Kaiju Kingz,Pink Mist
125,1125,KAM1,Miss Newton
375,1125,KAM1,Yai (Frilly Dress)
625,1125,KAM1,NFT Showroom (anniversary)
126,1126,KingFrogs,Fanny Bunny üêá
376,1126,KingFrogs,Good morning!
626,1126,KingFrogs,Ecology
127,1127,Knights of Degen,demoness 1
377,1127,Knights of Degen,Girl in the big city
627,1127,Knights of Degen,BOO! 
128,1128,Koala Intelligence Agency,abs-002
378,1128,Koala Intelligence Agency,Life on wheels
628,1128,Koala Intelligence Agency,captured spirits
129,1129,KOGS,Turkish look cristal girl 
379,1129,KOGS,let it go
629,1129,KOGS,Turningpoint ‚Äì neon dream
130,1130,Lazy Lions,neon Lion
380,1130,Lazy Lions,Meditation
630,1130,Lazy Lions,alpine beauty 
131,1131,LegionPunks,Dark Angel
381,1131,LegionPunks,Tunnel
631,1131,LegionPunks,Fake smiles deep dreams
132,1132,Lonely Alien Space Club,Strong emotions 
382,1132,Lonely Alien Space Club,The Hive Tester
632,1132,Lonely Alien Space Club,emmeline in space
633,1132,Lonely Alien Space Club,changing colors 
634,1132,Lonely Alien Space Club,The chica of the green sweater
635,1132,Lonely Alien Space Club,Man
636,1132,Lonely Alien Space Club,Wolf character üê∫üñ§
637,1132,Lonely Alien Space Club,Photographer on the hunt üì∏
638,1132,Lonely Alien Space Club,The woman in the shadows üñ§
639,1132,Lonely Alien Space Club,Cutie babe
640,1132,Lonely Alien Space Club,Ship ‚õµÔ∏è‚öìÔ∏è
641,1132,Lonely Alien Space Club,Babe in the cloudsüñ§
642,1132,Lonely Alien Space Club,Boat at the pier 
643,1132,Lonely Alien Space Club,The Sphinx loves gum
644,1132,Lonely Alien Space Club,"üî≥ Black Square"" by Daria Yakubenko üñ§ From Malevich's idea"""
645,1132,Lonely Alien Space Club,Black Panther
646,1132,Lonely Alien Space Club,Antarctica üèî
133,1133,Lonely Frog Lambo Club,indian girl and fox
383,1133,Lonely Frog Lambo Club,handshakes
134,1134,Long Neckie Ladies,demon oni 1
384,1134,Long Neckie Ladies,Selfie
135,1135,Loot,Centauricornia 
385,1135,Loot,Almost Abstract
136,1136,LOSTPOETS,shadow
386,1136,LOSTPOETS,space sphinx
137,1137,Meebits,Fairy
387,1137,Meebits,Master Yoda
138,1138,Meerkat Millionaires Country Club,dragon love
388,1138,MekaVerse,BB-8
139,1139,MekaVerse,The mary of lines
389,1139,MekaVerse,Lana Del Rey
140,1140,Metabaes,Anubis
390,1140,Metabaes,Gambling
141,1141,MetaHero Universe DAO Tokens,Transmission
391,1141,MetaHero Universe DAO Tokens,Capricorn
142,1142,MetaHero Universe Generative,Judith
392,1142,MetaHero Universe Generative,Not a problem
143,1143,Metasaurs by Dr. DMT,Huston the faun
393,1143,Metasaurs by Dr. DMT,The golden hour
144,1144,Mike Tyson NFT,womens
394,1144,Monkey Bet DAO,Psychedelic Portal
145,1145,Monkey Bet DAO,Funny Skull
395,1145,Monkey Bet DAO,adult life
146,1146,Mooncats,mask
396,1146,Mooncats,abstract man
147,1147,Mutant Ape Yacht Club,shine
397,1147,Mutant Ape Yacht Club,gold threads
148,1148,Mutant Garden Seeder,Warder
398,1148,Mutant Garden Seeder,Inner shine
149,1149,MutantCats,water mandala
399,1149,MutantCats,Collision Pt. 4
150,1150,NAH Fungible Bones,"Banos De Maria Padilla, Sevilla"
400,1150,NAH Fungible Bones,Facile Craft
151,1151,NBA Top Shot,7 chakras
401,1151,NBA Top Shot,The Beatles in India  ----->  The Beatles x Meditation
152,1152,Neo Tokyo Identities,fearless mind
402,1152,Neo Tokyo Identities,Collision Pt. 3
153,1153,NFT Worlds,will power
403,1153,NFT Worlds,Hand of Fate
154,1154,Nftboxes,two sources
404,1154,Nftboxes,Galactic Vibrance
155,1155,Nftrees,Avariel Sister of Ice
405,1155,Nftrees,Psycho Blue Hell Crack  ----->  Blue Hell x Psycho Crack
156,1156,Nifty League DEGENs,Avariel Sister of Fire
406,1156,Nifty League DEGENs,Bubble Dreams  ----->  Bubble Kush x Dream Maker
157,1157,Non Fungible Fungi Genesis,Sea Predator
407,1157,Non Fungible Fungi Genesis,East Bay Funk  ----->  East Bay OG x OSG Cheese
158,1158,Obits Official,Saudade
408,1158,Obits Official,Indica Dominant
159,1159,OnChainMonkey,Markusha SAI
409,1159,OnChainMonkey,Pink Boy and His Flower
160,1160,Panini America,Think Twice
410,1160,Parallel Alpha,Nicola Canu
161,1161,Parallel Alpha,Crypto Al Capone
411,1161,Parallel Alpha,Floral Beats
162,1162,Party Ape Billionaire Club,Sexy Art
412,1162,Party Ape Billionaire Club,InNer sPHeRe
163,1163,Peaceful Groupies,Lemuria
413,1163,Peaceful Groupies,The Hypnotist
164,1164,Pesky Penguins,Hanami 
414,1164,Pesky Penguins,Sigil to Connect To Your Ancestors
165,1165,Piggy Sol Gang,Nataraja
415,1165,Piggy Sol Gang,Mystical soul
166,1166,Playboy Rabbitars Official,A big step for hive 20/03/2021
416,1166,Playboy Rabbitars Official,Employee of the Month: 500 Billion Sold
167,1167,Pudgy Penguins,Marilyn MonColors
417,1167,Pudgy Penguins,fire Girl
168,1168,PUNKS Comic,POLAROID SuperColors redeemable
418,1168,PUNKS Comic,The Bitcoin Matrix
169,1169,PunkScapes,Pink and Blue
419,1169,PunkScapes,Grishenko
170,1170,Purrnelopes Country Club,The moon and the planets that we desire
420,1170,Purrnelopes Country Club,Oppenheimer 
171,1171,R Planet,asian girl
421,1171,R Planet,The Mermaid Of The Lake 
172,1172,Rebel Seals Club,Geisha and the mythical wolf
422,1172,Rebel Seals Club,Snowden
173,1173,Red Panda Squad,lovers
423,1173,Red Panda Squad,Chelsea
174,1174,Robotos Official,Draw Us Together
424,1174,Robotos Official,Fishnets 
175,1175,Rogue Sharks,Reign-bow Eyes
425,1175,Rogue Sharks,Pigs in Space 2
176,1176,Rogue Society Bot,Inside of non existence
426,1176,Rogue Society Bot,Counting Sheep
177,1177,Royal Society Players,BOO!! II
427,1177,Royal Society Players,Pigs In Space 
178,1178,Rumble Kong League,Rise
428,1178,Rumble Kong League,Maya
179,1179,Sad Frogs District,Ghosted
429,1179,Sad Frogs District,Termite
180,1180,Shabu Town Shibas,Surface Death Number 9
430,1180,Shabu Town Shibas,T-ray
181,1181,Sipherian Flash,misterios fungus
431,1181,Sipherian Flash,Tyger
182,1182,Sipherian Surge,Devil Lady #009
432,1182,Sipherian Surge,Darren Claxton
183,1183,Skeleton Crew Skulls,Black haired Cyber Lady
433,1183,Skeleton Crew Skulls,Trip jacker
184,1184,Smilesssvrs,Dazed and Confused
434,1184,Smilesssvrs,E.N.D
185,1185,Sneaky Vampire Syndicate,The City Dreams
435,1185,Sneaky Vampire Syndicate,Dookie in space 
186,1186,Sol Souls,Horizon in eye
436,1186,Sol Souls,Swoop
187,1187,Solana Bananas,Psycho glitch
437,1187,Solana Bananas,EthanolADDiKtz
188,1188,Solana Monkey Business,released energy
438,1188,Solana Monkey Business,Forceoperator
189,1189,Solana Valley,Mogaara
439,1189,Solana Valley,D'MiLLiZ
190,1190,SolanaDogeNFTs,spirit emblem
440,1190,SolanaDogeNFTs,TVC15
191,1191,Solarians,Slave Leia
441,1191,Solarians,OLY
192,1192,SolChicks,Neo return
442,1192,SolChicks,Jansky 
193,1193,Sollamas,Beautiful and prickly
443,1193,Sollamas,Jesse James And The Ghostriders
194,1194,SolPunks,The Mandalorian and Baby Yoda
444,1194,SolPunks,Snake
195,1195,SolSnatchers, DeviantArt Fennec Fox Sketch
445,1195,SolSnatchers,9
196,1196,Solsteads,Kensh≈ç
446,1196,Solsteads,8
197,1197,SolYetis,Aubergine Truck
447,1197,SolYetis,Floating Island #6
198,1198,Sorare,Bitcoin trap
448,1198,Sorare,Diamond Dogs 
199,1199,Space Poggers,Forest shroomz
449,1199,Space Poggers,cat snail
200,1200,Space Punks Club,JULIET
450,1200,Space Punks Club,faceless
201,1201,Splinterlands,Collision Pt. 7
451,1201,Splinterlands,inversion
202,1202,StackedToadz,AKIRA
452,1202,StackedToadz,Evil
203,1203,Star Sailor Siblings,Vortex's Liar-2
453,1203,Star Sailor Siblings,As free as water
204,1204,Stoner Cats,Vortex's Liar-5
454,1204,Stoner Cats,Is that...?
205,1205,Street Fighter,"Slide Beat Polarpiece"""
455,1205,Street Fighter,Time to rinse the stress off...
206,1206,Stylish Studs,Vortex's Liar-3
456,1206,Stylish Studs,Balcony
207,1207,Sup Ducks,Vortex's Liar-4
457,1207,Sup Ducks,2001: A Space Odyssey
208,1208,Super Shiba Club,Nostalgic Childhood
458,1208,Super Shiba Club,·É°·Éê·Éõ·Éê·Éò·Éê
209,1209,Super Yeti,There is more to love 
459,1209,Super Yeti,Japanese beauty
210,1210,The Alien Boy,Poker Lady
460,1210,The Alien Boy,Darth Vader
211,1211,The CryptoDads,üíêùêµùìÅùëúùëúùìÇùíæùìÉùëî ùëúùìãùëíùìá ùìéùëúùìäüíê
461,1211,The CryptoDads,Glamour Girl on pose
212,1212,The Doge Pound,A Journey to the Center
462,1212,The Doge Pound,I'm back
213,1213,The Humanoids,LAMBO DREAMS
463,1213,The Humanoids,Maltese
214,1214,The Lost Glitches,PancakeSwap - CAKE Crypto Stamp
464,1214,The Lost Glitches,Cancer season
215,1215,The n project,Energetic movement
465,1215,The n project,Gentleman
216,1216,The Official Surreals,Free Education Mandala - dCity Fan Art
466,1216,The Official Surreals,Vampire Prince
217,1217,The Sandbox,Collision Pt. 6
467,1217,The Sandbox,"Aqueduction, glitch "
218,1218,The Sevens,Nevermind
468,1218,The Sevens,Gold Bull
219,1219,The Shiboshis,The Song of a Quiet Pond
469,1219,The Shiboshis,The woman of the lighthouse
220,1220,The Sneks,Wild Female Energy
470,1220,The Sneks,The man on the way
221,1221,The Vogu Collective,pleasure
471,1221,The Vogu Collective,Starry Nightmare
222,1222,The Wanderers,crypto eye perspective
472,1222,The Wanderers,I keep imagining
223,1223,The Wicked Craniums,opening of the third eye
473,1223,The Wicked Craniums,Eth 
224,1224,The Yakuza Cats Society,The One Ring
474,1224,The Yakuza Cats Society,Leona Canyon
225,1225,TheHeartProject,Zen
475,1225,TheHeartProject,Distinguished Ripplin' Iguana
226,1226,Thug Birdz,Simpler Times
476,1226,Thug Birdz,Bicyclelon Muskles on Gliese 504 b
227,1227,Tom Sachs Rocket Factory,Game On
477,1227,Tom Sachs Rocket Factory,"Mask of Horror by Richard F. Yates (HF)"""
228,1228,Top Dog Beach Club,Hive first anniversary
478,1228,Top Dog Beach Club,Quantum steps (master)
229,1229,Topps MLB,Rivers of light 
479,1229,Topps MLB,QS 1
230,1230,Train of the Century,Rainbow wolf
480,1230,Train of the Century,Flower hat.
231,1231,Treeverse,macro drop cross chain *exclusive 
481,1231,Treeverse,Death Day
232,1232,Trippy Bunny Tribe,NAMWAN
482,1232,Trippy Bunny Tribe,The Explorer
233,1233,UninterestedUnicorns,"I Thought It Would Be Zombies... - Sundown"""
483,1233,UninterestedUnicorns,"Adventurous Adventure by RFY (HF)"""
234,1234,Unirexcity,Awakenings
484,1234,Unirexcity,Art Deco-style fractal
235,1235,Veefriends,Attention Deficient 
485,1235,Veefriends,Bluun discovers cold.
236,1236,Visitors Of Imma Degen,Dark Christmas Tree
486,1236,Visitors Of Imma Degen,Face¬≤
237,1237,Vox Collectibles,ZOMB
487,1237,Vox Collectibles,SMILEY
238,1238,Voxies,Beautiful Void
488,1238,Voxies,DeFIATification
239,1239,Voxodeus,ZEN
489,1239,Voxodeus,David in the rain SAI
240,1240,Wanna Panda,Soul-devouring witch
490,1240,Wanna Panda,star cat
241,1241,Weird Whales,cyberpunk model
491,1241,Weird Whales,Amnesia
242,1242,Winter Bears,bloody tears
492,1242,Winter Bears,Star fumarola
243,1243,Wolf Game,XIII The Hive - Rebirth
493,1243,Wolf Game,Escalators glass
244,1244,World Of Women,Hive Mutants
494,1244,World Of Women,Interstellar Bloom
245,1245,World Poker Tour,Mountain cockroach
495,1245,World Poker Tour,DEVIL WOMAN
246,1246,Wrapped Cryptocats,FEAR MONGERS: WATCH MORE TV
496,1246,Wrapped Cryptocats,Innocence is born
247,1247,Wrapped Strikers,"Luke, Leia and Solo. "
497,1247,Wrapped Strikers,DragonFly
248,1248,Xpansion,NFTMAN
498,1248,Xpansion,whenever you go 
249,1249,Zed Run,4 (2)
499,1249,Zed Run,my heartbeat
250,1250,ZombieCats,Bitcoin Train and A Weird Passenger
500,1250,ZombieCats,Aesthetic Journal #004